<?xml version="1.0" encoding="UTF-8"?>
<project-private xmlns="http://www.netbeans.org/ns/project-private/1">
    <editor-bookmarks xmlns="http://www.netbeans.org/ns/editor-bookmarks/2" lastBookmarkId="0"/>
    <open-files xmlns="http://www.netbeans.org/ns/projectui-open-files/2">
        <group>
            <file>file:/D:/JAVAA/lab4/lab4_3/src/lab4_3/TimeIntervalTester.java</file>
            <file>file:/D:/JAVAA/lab4/lab4_3/src/lab4_3/TimeInterval.java</file>
        </group>
    </open-files>
</project-private>
